İl,Yatırım Konusu
Adana,"Teknolojik Tarım Makineleri Üretimi (Akıllı tarım teknolojileriyle entegre edilen tarım makineleri, hassas tarım uygulamalarına yönelik sensör, dijital okuyucu imalatları vb.)"
Adana,"Turunç vb. Meyve Atıklarından Katma Değerli Gıda Üretimi (Pektin, meyve tozu, selüloz vb. ürünler)"
Adana,Sentetik/Taş Kâğıt Üretimi
Adana,Tornalama ve Frezeleme İçin Kesici Uç Üretimi
Adıyaman,Dört Yıldız ve Üzeri Konaklama Tesisi
Adıyaman,Asgari 500 Büyükbaş Kapasiteli Entegre Süt Üretimi ve Süt İşleme Tesisi
Adıyaman,Entegre Mermer İşleme Tesisi
Adıyaman,"Bademin İşlenmesi ve Katma Değeri Yüksek Badem Mamulü Ürünler İmalatı (Badem yağı ve kozmetik ürünler, badem unu ve glütensiz ürünler, badem sütü ve vegan ürünler, badem ezmesi/şekeri/granola/bar vb.)"
Afyonkarahisar,Gıda Kıvam Arttırıcıları/Bitkisel İçerikli Gıda Takviye Ürünleri Üretimi (İnülin vb.)
Afyonkarahisar,"Yüksek Ekonomik Değere Sahip Endüstriyel Süt Ürünleri Üretimi (Çiğ süt, süt asidi, kazein, süt protein izolatı/ süt protein konsantresi, rennet kazein, peynir altı suyu protein izolatı/konsantresi, saf rafine laktoz vb.)"
Afyonkarahisar,Mermer Atıklarından Yapı Malzemeleri vb. Üretimi
Afyonkarahisar,"Jeotermal Kaynaklar ile Su Ürünleri Yetiştiriciliği (Sazan, karides, mikroalg vb.)"
Ağrı,Dört Yıldız ve Üzeri Konaklama Tesisi
Ağrı,Asgari 500 Büyükbaş Kapasiteli Entegre Süt Üretimi ve Süt İşleme Tesisi
Ağrı,Asgari 500 Büyükbaş Kapasiteli Entegre Besi ve Et Ürünleri İşleme Tesisi
Ağrı,"Koyun Yapağı İşleme Tesisi (Yün ipliği, çözgü ipi, temizlenmiş yün üretimi, lanolin vb.)"
Aksaray,Motorlu Kara Taşıtları İçin Airbag Üretimi
Aksaray,"Motosiklet, Moped ve Motorlu Bisiklet Üretimi"
Aksaray,"Motosiklet, Bisiklet ve Skuter Dış Lastiği Üretim Tesisi"
Aksaray,Emniyet Kemeri Üretimi
Amasya,Jeotermal Sera Tesisi (Asgari 50 dekar otomasyon sera)
Amasya,Bitkisel Ham ve Rafine Yağ Üretimi
Amasya,Beş Yıldızlı Konaklama Tesisi
Amasya,Asgari 1000 Büyükbaş Kapasiteli Entegre Süt Üretim ve Süt İşleme Tesisi
Ankara,Medikal Kullanıma Yönelik Enzim ve Boyar Madde Üretimi
Ankara,Havuçtan Beta Karoten ve Bitkilerden Katma Değerli Gıda Takviyesi vb. Üretimi
Ankara,Atık Elektrikli ve Elektronik Eşya (AEEE) Geri Dönüşüm Tesisi
Ankara,"Tıbbi Ürün ve Ambalajları Üretimi (Alüminyum tüpler, cam flakonlar, ampuller vb.)"
Antalya,Sporcu Sağlığı ve Performans Merkezi
Antalya,Katma Değeri Yüksek Tıbbi ve Aromatik Bitkisel Ürünler Üretimi
Antalya,Mikroalg Tabanlı Omega 3 ve Biyogübre Üretimi
Antalya,Organik Sera Atıklarından Selüloz ve/veya Mikrobiyal Gübre Üretim Tesisi
Ardahan,Dört Yıldız ve Üzeri Konaklama Tesisi
Ardahan,Asgari 500 Büyükbaş Kapasiteli Entegre Besi ve Et Ürünleri İşleme Tesisi
Ardahan,Türk Somonu Kuluçkahanesi ve Yavru Üretim Tesisi
Ardahan,Entegre Doğal Taş İşleme Tesisi
Artvin,"Doğa Temelli Turizm Merkezi (Termal sağlık kompleksi, ekoturizm merkezi, macera parkı, apiterapi, konaklama vb.)"
Artvin,"Entegre Su Ürünleri Üretimi ve İşleme Tesisi (Balık yetiştiriciliği, balık fileto, tütsülenmiş balık, balık konserve, panelenmiş balık ürünleri, balık yemi ve/veya diğer hayvan yemleri vb.)"
Artvin,Mikronize Kalsit Üretim Tesisi
Artvin,Tıbbi Aromatik Bitkilerden İlaç ve Gıda Etken Maddelerinin İzolasyonu ve Yüksek Katma Değerli Ürün Üretimi
Aydın,"Tarımsal Yan Ürün ve Atıklardan Katma Değeri Yüksek Tıbbi ve Aromatik Bitkisel Ürünler Üretimi (Kozmetik ürünler, gıda takviyeleri vb.)"
Aydın,Sağlıklı Atıştırmalık Üretimi
Aydın,İncir Konsantresi ve Yüksek Katma Değerli Gıda Ürünleri Üretimi
Aydın,Hassas/Akıllı Tarım Makineleri Üretimi
Balıkesir,S Cam Elyaf Üretimi
Balıkesir,Mermer Atıkları Mikronize Öğütme Tesisi (Mikronize kalsiyum karbonat vb.)
Balıkesir,Yeşil Hidrojen Üretimi
Balıkesir,Asgari 2500 Küçükbaş Kapasiteli Entegre Süt Üretim ve İşleme Tesisi
Bartın,Dört Yıldız ve Üzeri Konaklama Tesisi
Bartın,İş Sağlığı ve Güvenliği Ayakkabısı Üretimi
Bartın,"Deniz Ürünleri İşleme Tesisi (Deniz salyangozu, deniz midyesi, diğer deniz mahsulleri vb.)"
Bartın,Asgari 500 Baş Manda Yetiştiriciliği ve Manda Ürünleri Entegre Üretim Tesisi
Batman,Siklon Olefin Kopolimeri (COC) Üretimi
Batman,Tarımsal Faaliyetlerden Kaynaklanan Atıklardan Selüloz ve/veya Mikrobiyal Gübre Üretim Tesisi
Batman,Sıvı Karbondioksit İşleme Tesisi
Batman,Medikal Estetik ve Sağlık Yaşam Kompleksi
Bayburt,Bayburt Taşı Entegre İşleme Tesisi
Bayburt,Su Paketleme Tesisi
Bayburt,Asgari 1000 Büyükbaş Kapasiteli Entegre Besi ve Et Ürünleri İşleme Tesisi
Bayburt,Bayburt Kop Dağı Kayak Merkezi Konaklama Tesisi
Bilecik,Şerbetçiotu ve Diğer Tıbbi Aromatik Bitkilerden Katma Değeri Yüksek Ürünler Üretim Tesisi
Bilecik,Asgari 2500 Baş Entegre Yarı Entansif Tipte Keçi Yetiştirme ve Keçi Ürünleri İşleme Tesisi
Bilecik,Cam Elyaf Üretim Tesisi
Bilecik,Teknik (İleri) Seramik Ürünleri Üretim Tesisi
Bingöl,Beş Yıldızlı Kış Konaklama Tesisi
Bingöl,Asgari 500 Büyükbaş Kapasiteli Entegre Süt Üretim ve İşleme Tesisi
Bingöl,Asgari 500 Büyükbaş Kapasiteli Entegre Besi ve Et Ürünleri İşleme Tesisi
Bingöl,"Entegre Bal ve Arı Ürünleri Tesisi (Bal paketleme, arı sütü, polen, propolis vb. yenilikçi arı ürünleri üretimi)"
Bitlis,Dondurulmuş Patates ve Patatesten Mamul Ürünler Üretimi
Bitlis,Asgari 500 Baş Kapasiteli Manda Süt Hayvancılığı Yatırımı
Bitlis,Dört Yıldız ve Üzeri Konaklama Tesisi
Bitlis,Asgari 2500 Baş Entegre Yarı Entansif Tipte Keçi Yetiştirme ve Keçi Ürünleri İşleme Tesisi
Bolu,Geriatri Turizm Kompleksi
Bolu,Mikroalglerden Omega 3 Gıda Takviyesi ve Katma Değerli Ürünler Üretimi
Bolu,Likit Yumurta ve Yumurta Tozu Üretimi
Bolu,Modüler Ahşap Mobilya İmalatı
Burdur,Asgari 1000 Baş Yüksek Genetik Kapasiteli Entegre Damızlık Büyükbaş Hayvan Yetiştiriciliği
Burdur,Mermer Atıkları Mikronize Öğütme Tesisi
Burdur,Modüler Mobilya ve Otel/Ofis Mobilyaları Üretimi
Burdur,Çapraz Lamine Ahşap Üretim Tesisi
Bursa,Biyopolimer Üretimi
Bursa,Sismik İzolatör Üretimi
Bursa,Metal İşlemeye Mahsus 5 Eksen İşleme Merkezi Üretimi
Bursa,On-Shore RES için Rüzgar Türbini Üretimi
Çanakkale,"Yüksek Ekonomik Değere Sahip Endüstriyel Süt Ürünleri Üretimi (Çiğ süt, süt asidi, kazein, süt protein izolatı/ süt protein konsantresi, rennet kazein, peynir altı suyu protein izolatı/konsantresi, saf rafine laktoz vb.)"
Çanakkale,Termik Santral Uçucu Küllerinden Değerli Bileşenlerin Ayrıştırılması
Çanakkale,Zeytin Atıklarından Aktif Karbon Üretimi
Çanakkale,Ağaç ve Orman Ürünleri Entegre İşleme Tesisi
Çankırı,"Bentonitten Katma Değerli Alternatif Ürünlerin Üretimi (Döküm kumu, yapı kimyasalları için katkı maddesi vb.)"
Çankırı,"Tuz Hammaddesinden Katma Değerli Kimyasal Ürün Üretimi (Sodyum hidroksit, sodyum hidrosülfit, sodyum bisülfat vb.)"
Çankırı,Motorlu Kara Taşıtları İçin Parça ve Aksesuarların Üretimi
Çankırı,Dört Yıldız ve Üzeri Termal Konaklama ve Sağlık Merkezi
Çorum,"Alaşımlı Döküm Ürünleri Üretimi (Çelik, krom, bi-metal, bronz, pik ve sfero döküm vb.)"
Çorum,"Raylı Sistemler İmalatı (Demir yolu ve tramvay vagonları, yük vagonu bojisi ve bağlantı ekipmanları vb.)"
Çorum,İş Makineleri Üretimi
Çorum,Likit Yumurta ve Yumurta Tozu Üretimi
Denizli,"Ulaşım Araçları Aksam ve Parçalarında Kullanılan Teknik Tekstil Ürünleri Üretimi (Emniyet kemeri kumaşı, tampon yapımında kullanılan plaka vb. ara ürünler)"
Denizli,Termoregülasyon Battaniye ve Teknik Kumaş Üretimi
Denizli,İş Güvenliği Amaçlı Ayakkabı ve Savunma Sanayinde Kullanılan Bot Üretimi
Denizli,Katma Değeri Yüksek Tıbbi ve Aromatik Bitkisel Ürünler Üretimi
Diyarbakır,"Paketli Hazır Gıda Üretimi (Bisküvi, Kek, Gofret ve Peksimet vb.)"
Diyarbakır,Alüminyum Folyo Üretimi
Diyarbakır,Entegre Kumaş Üretimi
Diyarbakır,"Bitkisel Girdilerden Katma Değerli Endüstriyel Gıda Üretimi (Doğal pigment, likopen, Β-karoten, kapsantin, zeaksantin, kapsaisin, antosiyanin, klorofil velutein vb.)"
Düzce,Bitkisel Yağ Üretiminde Oluşan Atık/Yan Ürünlerden Prebiyotik ve Farmakolojik Ürünler Üretimi
Düzce,Sıvıdan Toza Bebek Devam Sütü Üretimi
Düzce,"Doğa Temelli Turizm Merkezi (sağlık kompleksi, ekoturizm merkezi, macera parkı, apiterapi, konaklama vb.)"
Düzce,Ağaç ve Orman Ürünleri Entegre İşleme Tesisi
Edirne,Liyofilize Edilmiş Atık Materyaller ile Üretilen Fonksiyonel Köpek Maması Üretim Tesisi
Edirne,Çeltik Kabuğu ve Sapından Biyoçar ve Katma Değerli Ürünler Üretimi
Edirne,Hassas Tarım Ekipmanları ve Tarım Makineleri Üretimi (Tarımsal amaçlı hasat makineleri vb.)
Edirne,Dirençli Nişasta Üretimi
Elazığ,Entegre Tavuk Eti İşleme ve Katma Değerli Ürünler Üretim Tesisi
Elazığ,"Mermer Atıklarından Mikronize Ürünler, Yapı Malzemeleri vb. Üretimi"
Elazığ,"Hazar Gölü 4 Yıldız veya Üstü Konaklama vb. Tesis (Dalış merkezi, aquapark, kongre merkezi, havuz, binicilik vb.)"
Elazığ,"Üzüm İşleme ve Üzüm Mamulü Katma Değerli Ürünler Üretim Tesisi (Üzüm suyu, sirke, üzüm atıklarından çekirdek yağı, tartarik asit üretimi vb.)"
Erzincan,5 Yıldızlı Kış Konaklama Tesisi
Erzincan,"İşlenmiş ve Dondurulmuş Tavuk Ürünleri Üretimi (Nugget, şnitzel, döner vb.)"
Erzincan,Sıvı Karbondioksit İşleme Tesisi
Erzincan,İşlenmiş ve/veya Dondurulmuş Meyve-Sebze Üretimi
Erzurum,Asgari 1000 Büyükbaş Kapasiteli Entegre Besi ve Et Ürünleri İşleme Tesisi
Erzurum,"Asgari 10 Bin Ton Hububat, Baklagiller ve Yağlı Tohumlar Lisanslı Depo"
Erzurum,"Deriden Katma Değerli Gıda Takviyesi Üretimi (Gıda jelatini, kolajen vb.)"
Erzurum,Ham Deri İşleme Tesisi
Eskişehir,Havacılık Sektöründe Kullanılan Yüksek Alaşımlı Dövme Parçalarının Üretimi
Eskişehir,"Raylı Sistemler Sektöründe Kullanılacak Yeni Nesil ""Akıllı Vagon"" Üretimi"
Eskişehir,Sodyum Silikat ve Zeolit 4A Üretimi
Eskişehir,"Metal İşleyen Takım Tezgahlarının Parça ve Aksesuarlarının İmalatı (Alet tutacakları ve kendinden açılan pafta kafaları, iş tutacakları vb.)"
Gaziantep,Biber Atıklarından Katma Değerli Ürünler Üretimi (Kapsaisin vb.)
Gaziantep,Sitrik Asit Üretimi
Gaziantep,Rejenere İplik Üretimi
Gaziantep,"Orta ve Yüksek Teknolojili Tekstil Makineleri Üretimi (Triko, fikse, büküm makinesi vb.)"
Giresun,"Fındık Kabuğu veya Çay Atıklarından Katma Değerli Ürün Üretimi (Aktif karbon, pelet, kompozit palet vb.)"
Giresun,Kış Turizmi Konaklama Merkezi
Giresun,Modüler Mobilya Üretim Tesisi
Giresun,Çikolata Üretim Tesisi
Gümüşhane,Asgari 1000 Büyükbaş Kapasiteli Entegre Süt Üretimi ve İşleme Tesisi
Gümüşhane,Triploid Alabalık Yumurta ve Yavru Üretim Tesisi
Gümüşhane,Feldspat Cevheri İşleme ve Zenginleştirme Tesisi
Gümüşhane,Mikronize Kalsit vb. Katma Değerli Ürünler Üretimi
Hakkari,Çinko ve Kurşun İzabe Tesisi
Hakkari,Dört Yıldız ve Üzeri Konaklama Tesisi
Hakkari,Su Paketleme Tesisi
Hakkari,"Keratin Üretimi ve Yün İşleme Tesisi (Keratin, yün ipi, lanolin vb.)"
Hatay,Filtre Kağıdı Üretim Tesisi (Yağ/yakıt/hava/toz/endüstriyel baca/jeneratör/hava kurutucu/hidrolik/boru hattı vb. filtre kağıtları)
Hatay,Deri İşleme Tesisi
Hatay,Yıkıntı Atıklarının Geri Kazanımı Tesisi
Hatay,Paslanmaz Hassas Döküm Tesisi
Iğdır,"Meyve-Sebze İşleme ve Kurutma Tesisi (İşlenmiş ve dondurulmuş meyve/sebze, meyve suyu, uçucu yağ vb.)"
Iğdır,"Ambalaj Ürünleri Üretimi Tesisi (Oluklu karton, oluklu olmayan kağıt ambalaj vb.)"
Iğdır,Asgari 1000 Büyükbaş Kapasiteli Entegre Besi ve Et Ürünleri İşleme Tesisi
Iğdır,Dört Yıldız ve Üzeri Konaklama Tesisi
Isparta,Mantar Kompostu Üretim Tesisi
Isparta,Gül ve Diğer Tıbbi ve Aromatik Bitki Özlerinden Katma Değerli Kozmetik Ürünleri Üretim Tesisi
Isparta,"Meyve ve Atıklarından Katma Değerli Ürünler Üretimi (Meyve tozu/granül, pektin, selüloz, hemiselüloz vb.)"
Isparta,Geriatri Turizmi Merkezi
İstanbul,"Tasarım, Moda ve Kreatif Üretim Atölye Yatırımları (Moda tasarım, üretim, inovasyon ve prototipleme merkezleri, tasarım kampüsleri, zanaat ve dijital tasarım birleşimli merkezler vb.)"
İstanbul,Simgesel Mimari Yatırımlar (Kente kimlik kazandıran ikonik ve simgesel mimari projeler vb.)
İstanbul,"Görsel-İşitsel Prodüksiyon ve Stüdyo Altyapısı Yatırımları (Film/dizi çekim platoları, post-prodüksiyon, animasyon ve VFX stüdyoları, dijital ikiz kütüphanesi, oyun stüdyosu vb.)"
İstanbul,"Nitelikli Kültür Endüstrileri Yatırımları (Sanat bankası, müze, sahne sanatları gösteri merkezi, multidisipliner kültür/etkinlik kompleksleri, fuar merkezleri vb.)"
İzmir,Rulman Üretimi
İzmir,Yüzer Deniz Üstü Rüzgar Türbini Platformu Üretim Tesisi
İzmir,Sürdürülebilir Havacılık Yakıtı (SAF) için Bitkisel Atık Yağdan Hammadde Üretimi
İzmir,Tarımsal Atıklardan Selüloz Üretim Tesisi
Kahramanmaraş,Aktive Edilmiş Kil/Kalsine Kil Üretimi
Kahramanmaraş,"Bakalit Ham Maddesi Üretimi (Bakalit reçinesi, bakalit tozu vb.)"
Kahramanmaraş,"Entegre Su Ürünleri Üretimi ve İşleme Tesisi (Balık yetiştiriciliği, balık fileto, tütsülenmiş balık, balık konserve, panelenmiş balık ürünleri, balık yemi ve/veya diğer hayvan yemleri vb.)"
Kahramanmaraş,Leonardit ve Gidyadan Organomineral Gübre Üretimi
Karabük,Alaşımlı Çelik Üretim Tesisi
Karabük,"Uzun Çelik Tabanlı Stratejik Ürün Grupları Üretimi (Nitelikli bağlantı elemanları, özel geometriye ve dayanıma sahip cıvata, somun vb.)"
Karabük,Sıcak Daldırma Galvaniz Tesisi
Karabük,"Endüstriyel Orman Ürünleri Üretim Tesisi (OSB, MDF ve sunta gibi ahşap bazlı levhalar, ahşap oyuncak, ev eşyası, hediyelik eşya vb.)"
Karaman,"Keratin Üretimi ve Yün İşleme Tesisi (Keratin, yün, yün ipi, lanolin vb.)"
Karaman,Hassas Tarım Ekipmanları ve Tarım Makineleri Üretimi (Tarımsal amaçlı hasat makineleri vb.)
Karaman,Paketlenmiş Hazır Gıda Üretim Tesisi (Savunma sanayine yönelik gıda üretimi vb.)
Karaman,"Meyve ve Atıklarından Katma Değerli Ürünler Üretimi (Meyve tozu/granül, pektin, selüloz, hemiselüloz vb.)"
Kars,"Yüksek Ekonomik Değere Sahip Endüstriyel Süt Ürünleri Üretimi (Çiğ süt, süt asidi, kazein, süt protein izolatı/ süt protein konsantresi, rennet kazein, peynir altı suyu protein izolatı/konsantresi, saf rafine laktoz vb.)"
Kars,"Entegre Kaz Yetiştiriciliği ve Ürünleri İşleme Tesisi (Palaz, kaz yumurtası, kaz eti ve kısımları vb.)"
Kars,Beş Yıldızlı Konaklama Tesisi
Kars,"Kavılca Buğdayından Dondurulmuş Unlu Mamul Üretimi (Ekmek, pizza, hamur, pasta vb.)"
Kastamonu,Asgari 1000 Büyükbaş Kapasiteli Entegre Besi ve Et Ürünleri İşleme Tesisi
Kastamonu,Çapraz Lamine Ahşap Panel Üretimi Tesisi
Kastamonu,Modüler Mobilya Üretimi Tesisi
Kastamonu,Kenevir İşleme Tesisi (Kenevir elyafı vb.)
Kayseri,"Elektrikli Ev Aletlerinde veya Ölçüm Cihazlarında Kullanılan Yüksek Katma Değerli Ürünlerin İmalatı (Sensörler, mikro denetleyiciler, led ekranlar, elektronik pasif bileşenler vb.)"
Kayseri,Sivil Havacılık Ürünleri İmalatı (İnsansız hava aracı ve eğitim uçağı iniş takımı aksam ve parçaları vb.)
Kayseri,Enerji Depolama Sistemleri Üretim Tesisi (Prizmatik pil vb.)
Kayseri,"Mobilya Sektöründe İleri-Geri Bağlantılı Katma Değeri Yüksek Ürünlerin Üretimi (TDI, fermuar, teknik tekstil, nitelikli bağlantı elamanları vb.)"
Kırıkkale,Biyodizel Üretim Tesisi
Kırıkkale,Membran Üretim Tesisi
Kırıkkale,Biyoetanol Üretim Tesisi
Kırıkkale,Silah ve Silah Parçaları Üretim Tesisi
Kırklareli,Jeotermal Sera Tesisi (Asgari 50 dekar otomasyon sera)
Kırklareli,Asgari 2500 Küçükbaş Kapasiteli Entegre Süt Üretimi ve İşleme Tesisi
Kırklareli,"Ağaç Ürünlerinden Yüksek Nitelikli Zemin, Dış Cephe Malzemesi ve Büro Mobilyaları İmalatı"
Kırklareli,"Maya Üretim Tesisi (Kuru maya, yaş maya vb.)"
Kırşehir,Flakon ve Cam Ambalaj Üretim Tesisi
Kırşehir,Beş Yıldızlı Termal Otel ve Kongre Merkezi
Kırşehir,Granül Kalsit Üretim Tesisi
Kırşehir,Modern Entegre Jeotermal Sera Kurulumu ve Jeodry Yöntemiyle Kurutulmuş Meyve Sebze Üretimi ve Paketleme Tesisi (Asgari 20 dönüm)
Kilis,"Zeytin Atıklarından Katma Değerli Ürün Üretimi (Aktif karbon, rafine zeytin yağı, polifenol, organik gübre vb.)"
Kilis,"Ambalaj Ürünleri Üretimi Tesisi (Oluklu Karton, Oluklu Olmayan Kağıt Ambalaj, Metal ve Plastik Gıda Ambalajları vb.)"
Kilis,"Üzüm İşleme ve Üzüm Mamulü Katma Değerli Ürünler Üretimi (Üzüm suyu, sirke, üzüm atıklarından çekirdek yağı, tartarik asit üretimi vb.)"
Kilis,Asgari 3000 Küçükbaş Kapasiteli Entegre Süt Üretim ve İşleme Tesisi
Kocaeli,Elektrikli Lastik Pişirme Presi Üretimi
Kocaeli,Rulman Üretim Tesisi
Kocaeli,GMT (Cam Elyafı ile Takviye Edilmiş Termoplastik) Levha Üretimi
Kocaeli,Akü Geri Dönüşüm Tesisi
Konya,Raylı Taşımacılık İçin Demiryolu Araçlarına Ait Parçaların Üretimi
Konya,Mermi Üretim Tesisi
Konya,MIM Teknolojisiyle Askeri Silah Parçaları ve Soğuk Dövme Namlu Üretimi
Konya,Yem Katkı Maddeleri / Buzağı Maması Üretimi
Kütahya,Bakır Filmaşin Üretim Tesisi
Kütahya,Endüstriyel Akü Üretim Tesisi
Kütahya,Grafit Zenginleştirme Tesisi
Kütahya,Teknik Seramik Ürünleri Üretimi Tesisi
Malatya,Asgari 2000 Büyükbaş Kapasiteli Entegre Besi ve Et Ürünleri İşleme Tesisi
Malatya,"Entegre Su Ürünleri Üretimi ve İşleme Tesisi (Balık yetiştiriciliği, balık fileto, tütsülenmiş balık, balık konserve, panelenmiş balık ürünleri, balık yemi ve/veya diğer hayvan yemleri vb.)"
Malatya,"Hazır Giyim ve Konfeksiyon Sektöründe İleri-Geri Bağlantılı Ürünlerin Üretimi (Dokuma/örme kumaş, iplik, etiket, fermuar, düğme vb.)"
Malatya,Kayısı ve Kayısı Çekirdeğinden Katma Değeri Yüksek Ürünlerin Üretimi
Manisa,Elektronik Kart/Modülleri vb. Üretimi
Manisa,"Modern Jeotermal Sera Kurulumu, Jeodry Yöntemiyle Kurutulmuş Meyve Sebze Üretimi ve Paketleme Entegre Tesisi (Asgari 20 dönüm)"
Manisa,"Teknolojik Tarım Makineleri Üretimi (Akıllı tarım teknolojileriyle entegre edilen hassas dozajlama sistemlerine sahip tarım makineleri ve/veya hassas tarım uygulamaları, imalatı, teknolojik tarım makineleri üretimi)"
Manisa,"Zeytin Atıklarından Katma Değerli Ürün Üretimi (Aktif karbon, rafine zeytin yağı, polifenol, organik gübre vb.)"
Mardin,Otomotiv Sektörü N Sınıfı Araçlara Yönelik Tekstil Ürünlerinin Üretimi
Mardin,Dirençli Nişasta ve Nişastalı Ürünlerin İmalatı
Mardin,Asya Eriştesi (Noodle) İmalatı
Mardin,Antivenom ve Antiserum Üretimi
Mersin,"Meyve ve Atıklarından Katma Değerli Ürünler Üretimi (Meyve tozu/granül, pektin, selüloz, hemiselüloz vb.)"
Mersin,Tekne ve Yat Üretimi
Mersin,"Bakliyat Ürünlerinden Katma Değerli Hazır Gıda Üretimi (Baklagil unu, nohut kabuğu, nohut cipsi, nohut protein tozu, baklagil ekmeği, baklagil bulguru, baklagil keki, baklagil krakerleri, baklagil makarnası, baklagil sütü, baklagil konservesi, nohut pufu, humus, baklagil barı, kraker vb.)"
Mersin,Organik Bebek ve Çocuk Maması Üretimi
Muğla,"Hibrit, Elektrikli ve Güneş Enerjisi Destekli Çevre Dostu Deniz Araçları Üretimi"
Muğla,Fitokimyasal Bileşen Üretimi
Muğla,Mermer Atıklarından Mikronize Kalsit Üretimi Tesisi
Muğla,Doğal Kompoze Taş Entegre Üretimi Tesisi
Muş,Asgari 500 Büyükbaş Kapasiteli Entegre Besi ve Et Ürünleri İşleme Tesisi
Muş,Asgari 500 Büyükbaş Kapasiteli Entegre Süt Üretim ve İşleme Tesisi
Muş,Dört Yıldızlı Termal Otel ve Sağlık Merkezi Yatırımı
Muş,"Entegre Kaz Yetiştiriciliği ve Ürünleri İşleme Tesisi (Palaz, kaz yumurtası, kaz eti ve kısımları vb.)"
Nevşehir,Dondurulmuş Patates ve Patatesten Katma Değerli Mamul Ürünler Üretimi
Nevşehir,Veri Merkezi (Kaya Oyma)
Nevşehir,"Sıcak Hava Balonu ve Aksamları Üretimi (Sıcak hava balonu kubbesi, burner, sepet, kumaş vb.)"
Nevşehir,Kapadokya Film Platosu (Kapadokya Alan Başkanlığının Kapsadığı Alan Dahilinde)
Niğde,Medikal Ürünler vb. Ürünler İçin Endüstriyel Kalsit Üretimi
Niğde,Gıda ve İçecek Makinaları Üretimi
Niğde,Ayakkabı Üretimi
Niğde,"Maden İşleme ve Taş Ocağı Makinaları Üretimi (Taş, toprak, cevher, alçı, çimento ve diğer mineral maddeleri tasnif etme, eleme, ayırma, yıkama, ezme, öğütme, karıştırma, yoğurma vb. işlemden geçirme için kullanılan makineler vb.)"
Ordu,"Kakao İşleme ve Endüstriyel Çikolata Üretimi (Kakao tozu ve kakao yağı, bitter, sütlü ve beyaz kuvertür çikolata, fındıklı kalıp çikolata, çikolata kaplı bar, gofretli, bisküvili ürünler, kakaolu fındık kreması)"
Ordu,Bentonit Bazlı Kişisel Bakım ve Sağlık Ürünleri ile Katma Değerli Ürünler Üretimi
Ordu,Geriatri Turizmi Merkezi
Ordu,"Bal ve Arı Ürünleri Tesisi (Bal paketleme, arı sütü, polen, propolis vb yenilikçi arı ürünleri vb.)"
Osmaniye,Demir Oksit Pigment Üretimi Tesisi
Osmaniye,Asgari 1000 Büyükbaş Kapasiteli Entegre Besi ve Et Ürünleri İşleme Tesisi
Osmaniye,Modern Entegre Kesme Çiçek ve Sebze Üretim Serası (Asgari 20 dönüm)
Osmaniye,"Yer Fıstığı İşleme Tesisi (Yer fıstığı ezmesi/kreması/draje/krokan, yer fıstığı sütü, prebiyotik ürünler, enzimler, yer fıstığı proteini ve izolatları, biyoplastik ürünleri, yer fıstığı zindelik ve sağlık ürünleri vb.)"
Rize,"Doğa Temelli Turizm Merkezi (sağlık kompleksi, ekoturizm merkezi, macera parkı, apiterapi, konaklama vb.)"
Rize,Çay Atıklarından Aktif Karbon Üretimi
Rize,"Silah ve Silah Parçaları Üretimi (Tabanca, bomba atar, uçak savar imalatı ile namlu, tetik, patlayıcı madde saklama kapları, patlayıcı madde ateşleme sistemleri, tapa vb.)"
Rize,Butik Çay Turizm Kompleksi
Sakarya,Doğrusal Hareket Kızakları Üretimi
Sakarya,Endüstriyel Otonom Temizlik Makinesi Üretimi
Sakarya,Gemiler ve Yüzer Araçlar İçin Basınçlı Hava ile Çalışan Sanitasyon Sistemleri Üretimi
Sakarya,"Meyve ve Atıklarından Katma Değerli Ürünler Üretimi (Meyve tozu/granül, pektin, selüloz, hemiselüloz vb.)"
Samsun,"Silah ve Silah Parçaları Üretimi (Tabanca, bomba atar, uçak savar imalatı ile namlu, tetik, patlayıcı madde saklama kapları, patlayıcı madde ateşleme sistemleri, tapa vb.)"
Samsun,Akıllı Filtre Sistemleri Üretimi (Sensör ve yazılım destekli yağ/yakıt/hava/toz/endüstriyel baca/jeneratör/hava kurutucu/hidrolik/boru hattı vb. filtresi)
Samsun,"Metal ve Kauçuktan Ticarî Araç Aksam ve Parçaları Üretim Tesisi (Amortisör, fren balataları, rot, şanzıman, süspansiyon, otomotiv kablolama vb.)"
Samsun,"Tıbbî Cihaz Üretimi (Ultrason, mamografi, röntgen, MR, cerrahî motor, EKG, solunum cihazı, holter, diyaliz makinesi vb.)"
Siirt,Dondurma Üretimi
Siirt,Dört Yıldız ve Üzeri Konaklama Tesisi
Siirt,"Meyan Kökü İşleme Tesisi (Konsantre meyan, öğütülmüş meyan, meyan çubuk, lif meyan vb.)"
Siirt,Medikal Serum Seti Üretimi
Sinop,Kapalı Devre Su Ürünleri Yetiştiriciliği
Sinop,Balık Yağı Rafinasyonu Tesisi
Sinop,Masif Ahşap Ürünleri ve Masif Mobilya Üretim Tesisi
Sinop,Yat Limanı Kurulumu
Sivas,"Havacılık, Raylı Sistemler ve Otomotiv Endüstrileri İçin Mekanik Bağlantı Elemanları İmalatı (Elektromanyetik olmayan kaplin, kaplin türevleri vb.)"
Sivas,Ulaşım Araçlarında Kullanılan Elektriksel ve Diğer Ara Bağlantı Sistemleri / Ekipmanları İmalatı (Kablo bağlantı elemanları vb.)
Sivas,Alçı Plaka Üretimi
Sivas,Optik Ürünler İmalatı
Şanlıurfa,"Selüloz ve Selüloz Bazlı Kimyasal Ürünler Üretimi (Selüloz, selüloz asetat vb.)"
Şanlıurfa,Taş Yünü Üretimi
Şanlıurfa,"Entegre Su Ürünleri Üretimi ve İşleme Tesisi (Balık yetiştiriciliği, balık fileto, tütsülenmiş balık, balık konserve, panelenmiş balık ürünleri, balık yemi ve/veya diğer hayvan yemleri vb.)"
Şanlıurfa,"Koyun Yapağısından Katma Değerli Ürün Üretimi (Yün ipliği, çözgü ipi, keçe ve temizlenmiş yün vb.)"
Şırnak,Mobilya Üretimi
Şırnak,Asfaltitin Gazlaştırılması Tesisi
Şırnak,"Yer Fıstığı İşleme Tesisi (Yer fıstığı ezmesi/kreması/draje/krokan, yer fıstığı sütü, prebiyotik ürünler, enzimler, yer fıstığı proteini ve izolatları, biyoplastik ürünleri, yer fıstığı zindelik ve sağlık ürünleri vb.)"
Şırnak,"Kara Taşıtlarının Diğer Aksam ve Parçaları Üretimi (Tır, dorse, kamyonların motor parçaları, yedek parça, ekipmanları ve aksesuarları vb.)"
Tekirdağ,Asgari 2000 Büyükbaş Kapasiteli Entegre Besi ve Et Ürünleri İşleme Tesisi
Tekirdağ,Akıllı Küçük Ev Aletleri Üretimi
Tekirdağ,"Tıbbı Araç Gereç İmalatı (Steril kan tüpü, steril tek/çok dozlu şişe, solunum devresi vb.)"
Tekirdağ,Tekstil Boyama ve Benzeri Tekstil Makineleri İmalatı
Tokat,"Meyve ve Atıklarından Katma Değerli Ürünler Üretimi (Meyve tozu/granül, pektin, selüloz, hemiselüloz vb.)"
Tokat,"Yüksek Ekonomik Değere Sahip Endüstriyel Süt Ürünleri Üretimi (Çiğ süt, süt asidi, kazein, süt protein izolatı/ süt protein konsantresi, rennet kazein, peynir altı suyu protein izolatı/konsantresi, saf rafine laktoz vb.)"
Tokat,"Maya Üretim Tesisi (Kuru maya, yaş maya vb.)"
Tokat,Asgari 500 Baş Manda Süt Hayvancılığı ve Süt Ürünleri Üretim Tesisi
Trabzon,"Entegre Su Ürünleri Üretimi ve İşleme Tesisi (Balık yetiştiriciliği, balık fileto, tütsülenmiş balık, balık konserve, panelenmiş balık ürünleri, balık yemi ve/veya diğer hayvan yemleri vb.)"
Trabzon,Elektrikli Tekne ve Yat Üretimi
Trabzon,"Endüstriyel Ağ ve Benzeri Ürünler Üretimi (Gırgır ağları, kafes balıkçılığı ağları, trol ağları, güvenlik ağları vb.)"
Trabzon,Tıbbi ve Aromatik Bitkilerden Biyoaktif Potansiyelli Ürünler ve Katma Değerli Ürünler İmalatı
Tunceli,Beş Yıldızlı Konaklama Tesisi
Tunceli,Dört Yıldız ve Üzeri Termal Konaklama Kompleksi
Tunceli,"Doğa Temelli Turizm Merkezi (sağlık kompleksi, ekoturizm merkezi, macera parkı, apiterapi, konaklama vb.)"
Tunceli,Asgari 500 Büyükbaş Kapasiteli Entegre Süt Üretim ve İşleme Tesisi
Uşak,"Medikal Tekstil Ürünleri Üretimi (Medikal yastık/yorgan, sargı bezi, yara bandı, alçı bezi vb.)"
Uşak,"Teknik ve Endüstriyel Keçe ve Keçe Malzemeleri İmalatı (Plastik emdirilmiş, sıvanmış, kaplanmış, plastik ile lamine edilmiş mensucat vb.)"
Uşak,"Tekstil Kimyasalları Üretimi (Sentetik kıvamlaştırıcılar, hidrojene olan yağlar,"
Uşak,silikon yağları vb. tekstil kimyasalları)
Uşak,"Tekstil Makinaları İmalatı (Telef açma, iplik üretimi, dokuma, terbiye, keçe, halı üretim makineleri vb.)"
Van,Taş Yünü Üretimi
Van,"Koyun Yapağısından Katma Değerli Ürün Üretimi (Yün ipliği, çözgü ipi, keçe ve temizlenmiş yün vb.)"
Van,"Hazır Giyim ve Konfeksiyon Sektöründe İleri-Geri Bağlantılı Ürünlerin Üretimi (Dokuma/örme kumaş, iplik, etiket, fermuar, düğme vb.)"
Van,"Van Gölü 5 Yıldızlı Konaklama Tesisi (dalış merkezi, aquapark, kongre alanları, havuz, binicilik vs.)"
Yalova,Otomotiv Sektörüne Yönelik Kauçuklu Parça Üretimi
Yalova,"Katma Değeri Yüksek Tıbbi ve Aromatik Bitkisel Ürünler Üretimi (Aronya vb. işleme, süperkritik ekstraksiyon)"
Yalova,Akıllı Sulama ve İklimlendirme Sistemleri Üretimi
Yalova,Gemi Motoru Üretimi
Yozgat,"Paketlenmiş Hazır Gıda Üretim Tesisi (Savunma sanayine yönelik gıda üretimi, hazır yemek kiti vb.)"
Yozgat,"Bakliyat Ürünlerinden Katma Değerli Hazır Gıda Üretimi (Baklagil unu, nohut kabuğu, nohut cipsi, nohut protein tozu, baklagil ekmeği, baklagil bulguru, baklagil keki, baklagil krakerleri, baklagil makarnası, baklagil sütü, baklagil konservesi, nohut pufu, humus, baklagil barı, kraker vb.)"
Yozgat,"Tarım ve Bahçecilik Makinalarının Aksam ve Parçaları İmalatı (Pulluk, kültivatör, gübre dağıtım makineleri vb.)"
Yozgat,Asgari 1000 Büyükbaş Kapasiteli Entegre Besi ve Et Ürünleri İşleme Tesisi
Zonguldak,Katma Değeri Yüksek Tıbbi ve Aromatik Bitkisel Ürünler Üretimi
Zonguldak,"(Defne esansı, defne yağı, defne aroması, defne yağı bazlı masaj yağları, defne kolonyası, defne tohumları, kurutulmuş yaprak vb.)"
Zonguldak,"Entegre Su Ürünleri Üretim ve İşleme Tesisi (Deniz alabalığı, işlenmiş balık çeşitleri, taze temizlenmiş balık, fileto balık, dondurulmuş balık, deniz salyangozu vb.)"
Zonguldak,"Yassı Çelik Tabanlı Yüksek Katma Değerli Ürün Üretimi (Yüksek nitelikli bağlantı elemanları, özel amaçlı basınçlı kaplar, endüstriyel borular, araç alt parçaları ve makine-teçhizat bileşenleri vb.)"
Zonguldak,Ağaç ve Orman Ürünleri Entegre İşleme Tesisi
